memory_mb	runtime_s	data	sample	n_obs	BC_number	evaluation_criterion	cluster_number	consensus_method	path
263.12	16.1896	.STARmap_plus_consensus	spinalcord	5849	6	Cross_method_ARI	7	lca	../data/.STARmap_plus_consensus/spinalcord/consensus/BC_6/Cross_method_ARI/cluster_7/benchmark_consensus_lca.txt
169.16	5.3361	.STARmap_plus_consensus	spinalcord	5849	6	Cross_method_ARI	7	kmode	../data/.STARmap_plus_consensus/spinalcord/consensus/BC_6/Cross_method_ARI/cluster_7/benchmark_consensus_kmode.txt
304.03	7.0093	.STARmap_plus_consensus	spinalcord	5849	8	Cross_method_ARI	7	lca	../data/.STARmap_plus_consensus/spinalcord/consensus/BC_8/Cross_method_ARI/cluster_7/benchmark_consensus_lca.txt
176.42	6.2253	.STARmap_plus_consensus	spinalcord	5849	8	Cross_method_ARI	7	kmode	../data/.STARmap_plus_consensus/spinalcord/consensus/BC_8/Cross_method_ARI/cluster_7/benchmark_consensus_kmode.txt
326.25	26.4494	.STARmap_plus_consensus	spinalcord	5849	10	Cross_method_ARI	7	lca	../data/.STARmap_plus_consensus/spinalcord/consensus/BC_10/Cross_method_ARI/cluster_7/benchmark_consensus_lca.txt
176.0	6.6255	.STARmap_plus_consensus	spinalcord	5849	10	Cross_method_ARI	7	kmode	../data/.STARmap_plus_consensus/spinalcord/consensus/BC_10/Cross_method_ARI/cluster_7/benchmark_consensus_kmode.txt
312.45	16.9682	.STARmap_plus_consensus	spinalcord	5849	12	Cross_method_ARI	7	lca	../data/.STARmap_plus_consensus/spinalcord/consensus/BC_12/Cross_method_ARI/cluster_7/benchmark_consensus_lca.txt
175.68	6.8751	.STARmap_plus_consensus	spinalcord	5849	12	Cross_method_ARI	7	kmode	../data/.STARmap_plus_consensus/spinalcord/consensus/BC_12/Cross_method_ARI/cluster_7/benchmark_consensus_kmode.txt
219.48	12.174	.STARmap_plus_consensus	spinalcord	5849	4	Cross_method_ARI	7	lca	../data/.STARmap_plus_consensus/spinalcord/consensus/BC_4/Cross_method_ARI/cluster_7/benchmark_consensus_lca.txt
169.15	4.3185	.STARmap_plus_consensus	spinalcord	5849	4	Cross_method_ARI	7	kmode	../data/.STARmap_plus_consensus/spinalcord/consensus/BC_4/Cross_method_ARI/cluster_7/benchmark_consensus_kmode.txt
497.14	76.4825	visium_hd_cancer_colon_crop	visium_hd_cancer_colon_square_016um	50387	6	Cross_method_ARI	6	lca	../data/visium_hd_cancer_colon_crop/visium_hd_cancer_colon_square_016um/consensus/BC_6/Cross_method_ARI/cluster_6/benchmark_consensus_lca.txt
284.25	29.2146	visium_hd_cancer_colon_crop	visium_hd_cancer_colon_square_016um	50387	6	Cross_method_ARI	6	kmode	../data/visium_hd_cancer_colon_crop/visium_hd_cancer_colon_square_016um/consensus/BC_6/Cross_method_ARI/cluster_6/benchmark_consensus_kmode.txt
493.58	70.5901	visium_hd_cancer_colon_crop	visium_hd_cancer_colon_square_016um	50387	8	Cross_method_ARI	6	lca	../data/visium_hd_cancer_colon_crop/visium_hd_cancer_colon_square_016um/consensus/BC_8/Cross_method_ARI/cluster_6/benchmark_consensus_lca.txt
289.37	34.7269	visium_hd_cancer_colon_crop	visium_hd_cancer_colon_square_016um	50387	8	Cross_method_ARI	6	kmode	../data/visium_hd_cancer_colon_crop/visium_hd_cancer_colon_square_016um/consensus/BC_8/Cross_method_ARI/cluster_6/benchmark_consensus_kmode.txt
886.04	32.8339	visium_hd_cancer_colon_crop	visium_hd_cancer_colon_square_016um	50387	10	Cross_method_ARI	6	lca	../data/visium_hd_cancer_colon_crop/visium_hd_cancer_colon_square_016um/consensus/BC_10/Cross_method_ARI/cluster_6/benchmark_consensus_lca.txt
309.68	38.7737	visium_hd_cancer_colon_crop	visium_hd_cancer_colon_square_016um	50387	10	Cross_method_ARI	6	kmode	../data/visium_hd_cancer_colon_crop/visium_hd_cancer_colon_square_016um/consensus/BC_10/Cross_method_ARI/cluster_6/benchmark_consensus_kmode.txt
695.93	95.0986	visium_hd_cancer_colon_crop	visium_hd_cancer_colon_square_016um	50387	12	Cross_method_ARI	6	lca	../data/visium_hd_cancer_colon_crop/visium_hd_cancer_colon_square_016um/consensus/BC_12/Cross_method_ARI/cluster_6/benchmark_consensus_lca.txt
295.56	46.0965	visium_hd_cancer_colon_crop	visium_hd_cancer_colon_square_016um	50387	12	Cross_method_ARI	6	kmode	../data/visium_hd_cancer_colon_crop/visium_hd_cancer_colon_square_016um/consensus/BC_12/Cross_method_ARI/cluster_6/benchmark_consensus_kmode.txt
373.7	36.6824	visium_hd_cancer_colon_crop	visium_hd_cancer_colon_square_016um	50387	4	Cross_method_ARI	6	lca	../data/visium_hd_cancer_colon_crop/visium_hd_cancer_colon_square_016um/consensus/BC_4/Cross_method_ARI/cluster_6/benchmark_consensus_lca.txt
266.75	20.5393	visium_hd_cancer_colon_crop	visium_hd_cancer_colon_square_016um	50387	4	Cross_method_ARI	6	kmode	../data/visium_hd_cancer_colon_crop/visium_hd_cancer_colon_square_016um/consensus/BC_4/Cross_method_ARI/cluster_6/benchmark_consensus_kmode.txt
3476.59	298.3751	xenium-mouse-brain-SergioSalas	region_main	142991	6	Cross_method_ARI	11	lca	../data/xenium-mouse-brain-SergioSalas/region_main/consensus/BC_6/Cross_method_ARI/cluster_11/benchmark_consensus_lca.txt
377.79	114.5405	xenium-mouse-brain-SergioSalas	region_main	142991	6	Cross_method_ARI	11	kmode	../data/xenium-mouse-brain-SergioSalas/region_main/consensus/BC_6/Cross_method_ARI/cluster_11/benchmark_consensus_kmode.txt
5110.59	361.9681	xenium-mouse-brain-SergioSalas	region_main	142991	8	Cross_method_ARI	11	lca	../data/xenium-mouse-brain-SergioSalas/region_main/consensus/BC_8/Cross_method_ARI/cluster_11/benchmark_consensus_lca.txt
465.66	144.122	xenium-mouse-brain-SergioSalas	region_main	142991	8	Cross_method_ARI	11	kmode	../data/xenium-mouse-brain-SergioSalas/region_main/consensus/BC_8/Cross_method_ARI/cluster_11/benchmark_consensus_kmode.txt
6301.29	351.1393	xenium-mouse-brain-SergioSalas	region_main	142991	10	Cross_method_ARI	11	lca	../data/xenium-mouse-brain-SergioSalas/region_main/consensus/BC_10/Cross_method_ARI/cluster_11/benchmark_consensus_lca.txt
390.47	174.0574	xenium-mouse-brain-SergioSalas	region_main	142991	10	Cross_method_ARI	11	kmode	../data/xenium-mouse-brain-SergioSalas/region_main/consensus/BC_10/Cross_method_ARI/cluster_11/benchmark_consensus_kmode.txt
6598.78	442.037	xenium-mouse-brain-SergioSalas	region_main	142991	12	Cross_method_ARI	11	lca	../data/xenium-mouse-brain-SergioSalas/region_main/consensus/BC_12/Cross_method_ARI/cluster_11/benchmark_consensus_lca.txt
425.62	203.7229	xenium-mouse-brain-SergioSalas	region_main	142991	12	Cross_method_ARI	11	kmode	../data/xenium-mouse-brain-SergioSalas/region_main/consensus/BC_12/Cross_method_ARI/cluster_11/benchmark_consensus_kmode.txt
1901.45	216.6494	xenium-mouse-brain-SergioSalas	region_main	142991	4	Cross_method_ARI	11	lca	../data/xenium-mouse-brain-SergioSalas/region_main/consensus/BC_4/Cross_method_ARI/cluster_11/benchmark_consensus_lca.txt
373.59	133.9807	xenium-mouse-brain-SergioSalas	region_main	142991	4	Cross_method_ARI	11	kmode	../data/xenium-mouse-brain-SergioSalas/region_main/consensus/BC_4/Cross_method_ARI/cluster_11/benchmark_consensus_kmode.txt
466.96	85.9787	.stereoseq_liver_consensus	FN4_D1_batch2	24125	6	Cross_method_ARI	9	lca	../data/.stereoseq_liver_consensus/FN4_D1_batch2/consensus/BC_6/Cross_method_ARI/cluster_9/benchmark_consensus_lca.txt
241.72	20.0417	.stereoseq_liver_consensus	FN4_D1_batch2	24125	6	Cross_method_ARI	9	kmode	../data/.stereoseq_liver_consensus/FN4_D1_batch2/consensus/BC_6/Cross_method_ARI/cluster_9/benchmark_consensus_kmode.txt
569.4	118.0544	.stereoseq_liver_consensus	FN4_D1_batch2	24125	8	Cross_method_ARI	9	lca	../data/.stereoseq_liver_consensus/FN4_D1_batch2/consensus/BC_8/Cross_method_ARI/cluster_9/benchmark_consensus_lca.txt
247.3	34.9825	.stereoseq_liver_consensus	FN4_D1_batch2	24125	8	Cross_method_ARI	9	kmode	../data/.stereoseq_liver_consensus/FN4_D1_batch2/consensus/BC_8/Cross_method_ARI/cluster_9/benchmark_consensus_kmode.txt
703.63	102.1719	.stereoseq_liver_consensus	FN4_D1_batch2	24125	10	Cross_method_ARI	9	lca	../data/.stereoseq_liver_consensus/FN4_D1_batch2/consensus/BC_10/Cross_method_ARI/cluster_9/benchmark_consensus_lca.txt
268.81	27.4838	.stereoseq_liver_consensus	FN4_D1_batch2	24125	10	Cross_method_ARI	9	kmode	../data/.stereoseq_liver_consensus/FN4_D1_batch2/consensus/BC_10/Cross_method_ARI/cluster_9/benchmark_consensus_kmode.txt
617.78	105.2598	.stereoseq_liver_consensus	FN4_D1_batch2	24125	12	Cross_method_ARI	9	lca	../data/.stereoseq_liver_consensus/FN4_D1_batch2/consensus/BC_12/Cross_method_ARI/cluster_9/benchmark_consensus_lca.txt
278.87	48.8418	.stereoseq_liver_consensus	FN4_D1_batch2	24125	12	Cross_method_ARI	9	kmode	../data/.stereoseq_liver_consensus/FN4_D1_batch2/consensus/BC_12/Cross_method_ARI/cluster_9/benchmark_consensus_kmode.txt
375.45	59.881	.stereoseq_liver_consensus	FN4_D1_batch2	24125	4	Cross_method_ARI	9	lca	../data/.stereoseq_liver_consensus/FN4_D1_batch2/consensus/BC_4/Cross_method_ARI/cluster_9/benchmark_consensus_lca.txt
245.67	14.8277	.stereoseq_liver_consensus	FN4_D1_batch2	24125	4	Cross_method_ARI	9	kmode	../data/.stereoseq_liver_consensus/FN4_D1_batch2/consensus/BC_4/Cross_method_ARI/cluster_9/benchmark_consensus_kmode.txt
563.3	41.3001	visium_breast_cancer_SEDR	visium_breast_cancer_SEDR	3798	6	Cross_method_ARI	20	lca	../data/visium_breast_cancer_SEDR/visium_breast_cancer_SEDR/consensus/BC_6/Cross_method_ARI/cluster_20/benchmark_consensus_lca.txt
2235.7	111.9537	visium_breast_cancer_SEDR	visium_breast_cancer_SEDR	3798	6	Cross_method_ARI	20	weighted	../data/visium_breast_cancer_SEDR/visium_breast_cancer_SEDR/consensus/BC_6/Cross_method_ARI/cluster_20/benchmark_consensus_weighted.txt
180.02	6.7522	visium_breast_cancer_SEDR	visium_breast_cancer_SEDR	3798	6	Cross_method_ARI	20	kmode	../data/visium_breast_cancer_SEDR/visium_breast_cancer_SEDR/consensus/BC_6/Cross_method_ARI/cluster_20/benchmark_consensus_kmode.txt
989.46	110.8661	visium_breast_cancer_SEDR	visium_breast_cancer_SEDR	3798	8	Cross_method_ARI	20	lca	../data/visium_breast_cancer_SEDR/visium_breast_cancer_SEDR/consensus/BC_8/Cross_method_ARI/cluster_20/benchmark_consensus_lca.txt
1705.15	143.0783	visium_breast_cancer_SEDR	visium_breast_cancer_SEDR	3798	8	Cross_method_ARI	20	weighted	../data/visium_breast_cancer_SEDR/visium_breast_cancer_SEDR/consensus/BC_8/Cross_method_ARI/cluster_20/benchmark_consensus_weighted.txt
172.91	8.1666	visium_breast_cancer_SEDR	visium_breast_cancer_SEDR	3798	8	Cross_method_ARI	20	kmode	../data/visium_breast_cancer_SEDR/visium_breast_cancer_SEDR/consensus/BC_8/Cross_method_ARI/cluster_20/benchmark_consensus_kmode.txt
1147.95	105.4722	visium_breast_cancer_SEDR	visium_breast_cancer_SEDR	3798	10	Cross_method_ARI	20	lca	../data/visium_breast_cancer_SEDR/visium_breast_cancer_SEDR/consensus/BC_10/Cross_method_ARI/cluster_20/benchmark_consensus_lca.txt
1787.98	123.9307	visium_breast_cancer_SEDR	visium_breast_cancer_SEDR	3798	10	Cross_method_ARI	20	weighted	../data/visium_breast_cancer_SEDR/visium_breast_cancer_SEDR/consensus/BC_10/Cross_method_ARI/cluster_20/benchmark_consensus_weighted.txt
191.5	9.7473	visium_breast_cancer_SEDR	visium_breast_cancer_SEDR	3798	10	Cross_method_ARI	20	kmode	../data/visium_breast_cancer_SEDR/visium_breast_cancer_SEDR/consensus/BC_10/Cross_method_ARI/cluster_20/benchmark_consensus_kmode.txt
1501.52	180.8177	visium_breast_cancer_SEDR	visium_breast_cancer_SEDR	3798	12	Cross_method_ARI	20	lca	../data/visium_breast_cancer_SEDR/visium_breast_cancer_SEDR/consensus/BC_12/Cross_method_ARI/cluster_20/benchmark_consensus_lca.txt
1769.09	263.1307	visium_breast_cancer_SEDR	visium_breast_cancer_SEDR	3798	12	Cross_method_ARI	20	weighted	../data/visium_breast_cancer_SEDR/visium_breast_cancer_SEDR/consensus/BC_12/Cross_method_ARI/cluster_20/benchmark_consensus_weighted.txt
196.06	11.2178	visium_breast_cancer_SEDR	visium_breast_cancer_SEDR	3798	12	Cross_method_ARI	20	kmode	../data/visium_breast_cancer_SEDR/visium_breast_cancer_SEDR/consensus/BC_12/Cross_method_ARI/cluster_20/benchmark_consensus_kmode.txt
492.0	49.8732	visium_breast_cancer_SEDR	visium_breast_cancer_SEDR	3798	4	Cross_method_ARI	20	lca	../data/visium_breast_cancer_SEDR/visium_breast_cancer_SEDR/consensus/BC_4/Cross_method_ARI/cluster_20/benchmark_consensus_lca.txt
1376.11	132.1426	visium_breast_cancer_SEDR	visium_breast_cancer_SEDR	3798	4	Cross_method_ARI	20	weighted	../data/visium_breast_cancer_SEDR/visium_breast_cancer_SEDR/consensus/BC_4/Cross_method_ARI/cluster_20/benchmark_consensus_weighted.txt
168.0	5.3873	visium_breast_cancer_SEDR	visium_breast_cancer_SEDR	3798	4	Cross_method_ARI	20	kmode	../data/visium_breast_cancer_SEDR/visium_breast_cancer_SEDR/consensus/BC_4/Cross_method_ARI/cluster_20/benchmark_consensus_kmode.txt
1041.31	181.7586	abc_atlas_wmb_thalamus	C57BL6J-638850_7200	9920	6	Cross_method_ARI	20	lca	../data/abc_atlas_wmb_thalamus/C57BL6J-638850_7200/consensus/BC_6/Cross_method_ARI/cluster_20/benchmark_consensus_lca.txt
9812.99	801.152	abc_atlas_wmb_thalamus	C57BL6J-638850_7200	9920	6	Cross_method_ARI	20	weighted	../data/abc_atlas_wmb_thalamus/C57BL6J-638850_7200/consensus/BC_6/Cross_method_ARI/cluster_20/benchmark_consensus_weighted.txt
197.58	18.0954	abc_atlas_wmb_thalamus	C57BL6J-638850_7200	9920	6	Cross_method_ARI	20	kmode	../data/abc_atlas_wmb_thalamus/C57BL6J-638850_7200/consensus/BC_6/Cross_method_ARI/cluster_20/benchmark_consensus_kmode.txt
1218.05	157.5276	abc_atlas_wmb_thalamus	C57BL6J-638850_7200	9920	8	Cross_method_ARI	20	lca	../data/abc_atlas_wmb_thalamus/C57BL6J-638850_7200/consensus/BC_8/Cross_method_ARI/cluster_20/benchmark_consensus_lca.txt
10142.19	690.1167	abc_atlas_wmb_thalamus	C57BL6J-638850_7200	9920	8	Cross_method_ARI	20	weighted	../data/abc_atlas_wmb_thalamus/C57BL6J-638850_7200/consensus/BC_8/Cross_method_ARI/cluster_20/benchmark_consensus_weighted.txt
217.17	19.3512	abc_atlas_wmb_thalamus	C57BL6J-638850_7200	9920	8	Cross_method_ARI	20	kmode	../data/abc_atlas_wmb_thalamus/C57BL6J-638850_7200/consensus/BC_8/Cross_method_ARI/cluster_20/benchmark_consensus_kmode.txt
1695.35	194.7677	abc_atlas_wmb_thalamus	C57BL6J-638850_7200	9920	10	Cross_method_ARI	20	lca	../data/abc_atlas_wmb_thalamus/C57BL6J-638850_7200/consensus/BC_10/Cross_method_ARI/cluster_20/benchmark_consensus_lca.txt
10159.58	1368.5224	abc_atlas_wmb_thalamus	C57BL6J-638850_7200	9920	10	Cross_method_ARI	20	weighted	../data/abc_atlas_wmb_thalamus/C57BL6J-638850_7200/consensus/BC_10/Cross_method_ARI/cluster_20/benchmark_consensus_weighted.txt
216.97	22.7091	abc_atlas_wmb_thalamus	C57BL6J-638850_7200	9920	10	Cross_method_ARI	20	kmode	../data/abc_atlas_wmb_thalamus/C57BL6J-638850_7200/consensus/BC_10/Cross_method_ARI/cluster_20/benchmark_consensus_kmode.txt
2342.41	458.4895	abc_atlas_wmb_thalamus	C57BL6J-638850_7200	9920	12	Cross_method_ARI	20	lca	../data/abc_atlas_wmb_thalamus/C57BL6J-638850_7200/consensus/BC_12/Cross_method_ARI/cluster_20/benchmark_consensus_lca.txt
11405.52	833.7559	abc_atlas_wmb_thalamus	C57BL6J-638850_7200	9920	12	Cross_method_ARI	20	weighted	../data/abc_atlas_wmb_thalamus/C57BL6J-638850_7200/consensus/BC_12/Cross_method_ARI/cluster_20/benchmark_consensus_weighted.txt
228.98	32.3429	abc_atlas_wmb_thalamus	C57BL6J-638850_7200	9920	12	Cross_method_ARI	20	kmode	../data/abc_atlas_wmb_thalamus/C57BL6J-638850_7200/consensus/BC_12/Cross_method_ARI/cluster_20/benchmark_consensus_kmode.txt
533.38	71.673	abc_atlas_wmb_thalamus	C57BL6J-638850_7200	9920	4	Cross_method_ARI	20	lca	../data/abc_atlas_wmb_thalamus/C57BL6J-638850_7200/consensus/BC_4/Cross_method_ARI/cluster_20/benchmark_consensus_lca.txt
8314.2	451.239	abc_atlas_wmb_thalamus	C57BL6J-638850_7200	9920	4	Cross_method_ARI	20	weighted	../data/abc_atlas_wmb_thalamus/C57BL6J-638850_7200/consensus/BC_4/Cross_method_ARI/cluster_20/benchmark_consensus_weighted.txt
210.64	11.7124	abc_atlas_wmb_thalamus	C57BL6J-638850_7200	9920	4	Cross_method_ARI	20	kmode	../data/abc_atlas_wmb_thalamus/C57BL6J-638850_7200/consensus/BC_4/Cross_method_ARI/cluster_20/benchmark_consensus_kmode.txt
821.91	117.2244	abc_atlas_wmb_thalamus	C57BL6J-638850_6800	12120	6	Cross_method_ARI	19	lca	../data/abc_atlas_wmb_thalamus/C57BL6J-638850_6800/consensus/BC_6/Cross_method_ARI/cluster_19/benchmark_consensus_lca.txt
12014.05	486.546	abc_atlas_wmb_thalamus	C57BL6J-638850_6800	12120	6	Cross_method_ARI	19	weighted	../data/abc_atlas_wmb_thalamus/C57BL6J-638850_6800/consensus/BC_6/Cross_method_ARI/cluster_19/benchmark_consensus_weighted.txt
212.23	16.8436	abc_atlas_wmb_thalamus	C57BL6J-638850_6800	12120	6	Cross_method_ARI	19	kmode	../data/abc_atlas_wmb_thalamus/C57BL6J-638850_6800/consensus/BC_6/Cross_method_ARI/cluster_19/benchmark_consensus_kmode.txt
1278.22	128.973	abc_atlas_wmb_thalamus	C57BL6J-638850_6800	12120	8	Cross_method_ARI	19	lca	../data/abc_atlas_wmb_thalamus/C57BL6J-638850_6800/consensus/BC_8/Cross_method_ARI/cluster_19/benchmark_consensus_lca.txt
13131.11	1766.2935	abc_atlas_wmb_thalamus	C57BL6J-638850_6800	12120	8	Cross_method_ARI	19	weighted	../data/abc_atlas_wmb_thalamus/C57BL6J-638850_6800/consensus/BC_8/Cross_method_ARI/cluster_19/benchmark_consensus_weighted.txt
211.43	21.1881	abc_atlas_wmb_thalamus	C57BL6J-638850_6800	12120	8	Cross_method_ARI	19	kmode	../data/abc_atlas_wmb_thalamus/C57BL6J-638850_6800/consensus/BC_8/Cross_method_ARI/cluster_19/benchmark_consensus_kmode.txt
2042.26	307.0799	abc_atlas_wmb_thalamus	C57BL6J-638850_6800	12120	10	Cross_method_ARI	19	lca	../data/abc_atlas_wmb_thalamus/C57BL6J-638850_6800/consensus/BC_10/Cross_method_ARI/cluster_19/benchmark_consensus_lca.txt
17818.69	1501.5169	abc_atlas_wmb_thalamus	C57BL6J-638850_6800	12120	10	Cross_method_ARI	19	weighted	../data/abc_atlas_wmb_thalamus/C57BL6J-638850_6800/consensus/BC_10/Cross_method_ARI/cluster_19/benchmark_consensus_weighted.txt
226.99	25.6683	abc_atlas_wmb_thalamus	C57BL6J-638850_6800	12120	10	Cross_method_ARI	19	kmode	../data/abc_atlas_wmb_thalamus/C57BL6J-638850_6800/consensus/BC_10/Cross_method_ARI/cluster_19/benchmark_consensus_kmode.txt
1924.23	268.1273	abc_atlas_wmb_thalamus	C57BL6J-638850_6800	12120	12	Cross_method_ARI	19	lca	../data/abc_atlas_wmb_thalamus/C57BL6J-638850_6800/consensus/BC_12/Cross_method_ARI/cluster_19/benchmark_consensus_lca.txt
18401.41	1465.5249	abc_atlas_wmb_thalamus	C57BL6J-638850_6800	12120	12	Cross_method_ARI	19	weighted	../data/abc_atlas_wmb_thalamus/C57BL6J-638850_6800/consensus/BC_12/Cross_method_ARI/cluster_19/benchmark_consensus_weighted.txt
240.35	30.6871	abc_atlas_wmb_thalamus	C57BL6J-638850_6800	12120	12	Cross_method_ARI	19	kmode	../data/abc_atlas_wmb_thalamus/C57BL6J-638850_6800/consensus/BC_12/Cross_method_ARI/cluster_19/benchmark_consensus_kmode.txt
577.37	81.6617	abc_atlas_wmb_thalamus	C57BL6J-638850_6800	12120	4	Cross_method_ARI	19	lca	../data/abc_atlas_wmb_thalamus/C57BL6J-638850_6800/consensus/BC_4/Cross_method_ARI/cluster_19/benchmark_consensus_lca.txt
12221.76	1309.1306	abc_atlas_wmb_thalamus	C57BL6J-638850_6800	12120	4	Cross_method_ARI	19	weighted	../data/abc_atlas_wmb_thalamus/C57BL6J-638850_6800/consensus/BC_4/Cross_method_ARI/cluster_19/benchmark_consensus_weighted.txt
211.88	13.5144	abc_atlas_wmb_thalamus	C57BL6J-638850_6800	12120	4	Cross_method_ARI	19	kmode	../data/abc_atlas_wmb_thalamus/C57BL6J-638850_6800/consensus/BC_4/Cross_method_ARI/cluster_19/benchmark_consensus_kmode.txt
612.91	80.2883	abc_atlas_wmb_thalamus	C57BL6J-638850_7800	7691	6	Cross_method_ARI	16	lca	../data/abc_atlas_wmb_thalamus/C57BL6J-638850_7800/consensus/BC_6/Cross_method_ARI/cluster_16/benchmark_consensus_lca.txt
6511.66	539.4937	abc_atlas_wmb_thalamus	C57BL6J-638850_7800	7691	6	Cross_method_ARI	16	weighted	../data/abc_atlas_wmb_thalamus/C57BL6J-638850_7800/consensus/BC_6/Cross_method_ARI/cluster_16/benchmark_consensus_weighted.txt
192.74	9.6834	abc_atlas_wmb_thalamus	C57BL6J-638850_7800	7691	6	Cross_method_ARI	16	kmode	../data/abc_atlas_wmb_thalamus/C57BL6J-638850_7800/consensus/BC_6/Cross_method_ARI/cluster_16/benchmark_consensus_kmode.txt
655.66	46.442	abc_atlas_wmb_thalamus	C57BL6J-638850_7800	7691	8	Cross_method_ARI	16	lca	../data/abc_atlas_wmb_thalamus/C57BL6J-638850_7800/consensus/BC_8/Cross_method_ARI/cluster_16/benchmark_consensus_lca.txt
6111.69	396.9359	abc_atlas_wmb_thalamus	C57BL6J-638850_7800	7691	8	Cross_method_ARI	16	weighted	../data/abc_atlas_wmb_thalamus/C57BL6J-638850_7800/consensus/BC_8/Cross_method_ARI/cluster_16/benchmark_consensus_weighted.txt
194.75	12.2247	abc_atlas_wmb_thalamus	C57BL6J-638850_7800	7691	8	Cross_method_ARI	16	kmode	../data/abc_atlas_wmb_thalamus/C57BL6J-638850_7800/consensus/BC_8/Cross_method_ARI/cluster_16/benchmark_consensus_kmode.txt
822.17	73.7408	abc_atlas_wmb_thalamus	C57BL6J-638850_7800	7691	10	Cross_method_ARI	16	lca	../data/abc_atlas_wmb_thalamus/C57BL6J-638850_7800/consensus/BC_10/Cross_method_ARI/cluster_16/benchmark_consensus_lca.txt
6156.87	449.9114	abc_atlas_wmb_thalamus	C57BL6J-638850_7800	7691	10	Cross_method_ARI	16	weighted	../data/abc_atlas_wmb_thalamus/C57BL6J-638850_7800/consensus/BC_10/Cross_method_ARI/cluster_16/benchmark_consensus_weighted.txt
193.09	22.1855	abc_atlas_wmb_thalamus	C57BL6J-638850_7800	7691	10	Cross_method_ARI	16	kmode	../data/abc_atlas_wmb_thalamus/C57BL6J-638850_7800/consensus/BC_10/Cross_method_ARI/cluster_16/benchmark_consensus_kmode.txt
1093.83	91.4102	abc_atlas_wmb_thalamus	C57BL6J-638850_7800	7691	12	Cross_method_ARI	16	lca	../data/abc_atlas_wmb_thalamus/C57BL6J-638850_7800/consensus/BC_12/Cross_method_ARI/cluster_16/benchmark_consensus_lca.txt
6903.84	602.3617	abc_atlas_wmb_thalamus	C57BL6J-638850_7800	7691	12	Cross_method_ARI	16	weighted	../data/abc_atlas_wmb_thalamus/C57BL6J-638850_7800/consensus/BC_12/Cross_method_ARI/cluster_16/benchmark_consensus_weighted.txt
202.52	16.8675	abc_atlas_wmb_thalamus	C57BL6J-638850_7800	7691	12	Cross_method_ARI	16	kmode	../data/abc_atlas_wmb_thalamus/C57BL6J-638850_7800/consensus/BC_12/Cross_method_ARI/cluster_16/benchmark_consensus_kmode.txt
462.27	33.9188	abc_atlas_wmb_thalamus	C57BL6J-638850_7800	7691	4	Cross_method_ARI	16	lca	../data/abc_atlas_wmb_thalamus/C57BL6J-638850_7800/consensus/BC_4/Cross_method_ARI/cluster_16/benchmark_consensus_lca.txt
5671.34	343.3482	abc_atlas_wmb_thalamus	C57BL6J-638850_7800	7691	4	Cross_method_ARI	16	weighted	../data/abc_atlas_wmb_thalamus/C57BL6J-638850_7800/consensus/BC_4/Cross_method_ARI/cluster_16/benchmark_consensus_weighted.txt
187.88	8.1116	abc_atlas_wmb_thalamus	C57BL6J-638850_7800	7691	4	Cross_method_ARI	16	kmode	../data/abc_atlas_wmb_thalamus/C57BL6J-638850_7800/consensus/BC_4/Cross_method_ARI/cluster_16/benchmark_consensus_kmode.txt
763.4	72.238	abc_atlas_wmb_thalamus	C57BL6J-638850_6600	8486	6	Cross_method_ARI	18	lca	../data/abc_atlas_wmb_thalamus/C57BL6J-638850_6600/consensus/BC_6/Cross_method_ARI/cluster_18/benchmark_consensus_lca.txt
6905.34	458.0833	abc_atlas_wmb_thalamus	C57BL6J-638850_6600	8486	6	Cross_method_ARI	18	weighted	../data/abc_atlas_wmb_thalamus/C57BL6J-638850_6600/consensus/BC_6/Cross_method_ARI/cluster_18/benchmark_consensus_weighted.txt
191.05	11.8426	abc_atlas_wmb_thalamus	C57BL6J-638850_6600	8486	6	Cross_method_ARI	18	kmode	../data/abc_atlas_wmb_thalamus/C57BL6J-638850_6600/consensus/BC_6/Cross_method_ARI/cluster_18/benchmark_consensus_kmode.txt
891.61	98.7884	abc_atlas_wmb_thalamus	C57BL6J-638850_6600	8486	8	Cross_method_ARI	18	lca	../data/abc_atlas_wmb_thalamus/C57BL6J-638850_6600/consensus/BC_8/Cross_method_ARI/cluster_18/benchmark_consensus_lca.txt
8496.66	427.0625	abc_atlas_wmb_thalamus	C57BL6J-638850_6600	8486	8	Cross_method_ARI	18	weighted	../data/abc_atlas_wmb_thalamus/C57BL6J-638850_6600/consensus/BC_8/Cross_method_ARI/cluster_18/benchmark_consensus_weighted.txt
203.91	14.4931	abc_atlas_wmb_thalamus	C57BL6J-638850_6600	8486	8	Cross_method_ARI	18	kmode	../data/abc_atlas_wmb_thalamus/C57BL6J-638850_6600/consensus/BC_8/Cross_method_ARI/cluster_18/benchmark_consensus_kmode.txt
1239.73	222.5496	abc_atlas_wmb_thalamus	C57BL6J-638850_6600	8486	10	Cross_method_ARI	18	lca	../data/abc_atlas_wmb_thalamus/C57BL6J-638850_6600/consensus/BC_10/Cross_method_ARI/cluster_18/benchmark_consensus_lca.txt
9142.95	512.8511	abc_atlas_wmb_thalamus	C57BL6J-638850_6600	8486	10	Cross_method_ARI	18	weighted	../data/abc_atlas_wmb_thalamus/C57BL6J-638850_6600/consensus/BC_10/Cross_method_ARI/cluster_18/benchmark_consensus_weighted.txt
212.51	17.9605	abc_atlas_wmb_thalamus	C57BL6J-638850_6600	8486	10	Cross_method_ARI	18	kmode	../data/abc_atlas_wmb_thalamus/C57BL6J-638850_6600/consensus/BC_10/Cross_method_ARI/cluster_18/benchmark_consensus_kmode.txt
1588.11	158.3069	abc_atlas_wmb_thalamus	C57BL6J-638850_6600	8486	12	Cross_method_ARI	18	lca	../data/abc_atlas_wmb_thalamus/C57BL6J-638850_6600/consensus/BC_12/Cross_method_ARI/cluster_18/benchmark_consensus_lca.txt
8307.38	690.7506	abc_atlas_wmb_thalamus	C57BL6J-638850_6600	8486	12	Cross_method_ARI	18	weighted	../data/abc_atlas_wmb_thalamus/C57BL6J-638850_6600/consensus/BC_12/Cross_method_ARI/cluster_18/benchmark_consensus_weighted.txt
218.52	19.733	abc_atlas_wmb_thalamus	C57BL6J-638850_6600	8486	12	Cross_method_ARI	18	kmode	../data/abc_atlas_wmb_thalamus/C57BL6J-638850_6600/consensus/BC_12/Cross_method_ARI/cluster_18/benchmark_consensus_kmode.txt
600.05	50.7764	abc_atlas_wmb_thalamus	C57BL6J-638850_6600	8486	4	Cross_method_ARI	18	lca	../data/abc_atlas_wmb_thalamus/C57BL6J-638850_6600/consensus/BC_4/Cross_method_ARI/cluster_18/benchmark_consensus_lca.txt
6755.84	366.2861	abc_atlas_wmb_thalamus	C57BL6J-638850_6600	8486	4	Cross_method_ARI	18	weighted	../data/abc_atlas_wmb_thalamus/C57BL6J-638850_6600/consensus/BC_4/Cross_method_ARI/cluster_18/benchmark_consensus_weighted.txt
196.47	16.5862	abc_atlas_wmb_thalamus	C57BL6J-638850_6600	8486	4	Cross_method_ARI	18	kmode	../data/abc_atlas_wmb_thalamus/C57BL6J-638850_6600/consensus/BC_4/Cross_method_ARI/cluster_18/benchmark_consensus_kmode.txt
833.2	136.6329	abc_atlas_wmb_thalamus	C57BL6J-638850_7600	8899	6	Cross_method_ARI	18	lca	../data/abc_atlas_wmb_thalamus/C57BL6J-638850_7600/consensus/BC_6/Cross_method_ARI/cluster_18/benchmark_consensus_lca.txt
6824.12	516.4438	abc_atlas_wmb_thalamus	C57BL6J-638850_7600	8899	6	Cross_method_ARI	18	weighted	../data/abc_atlas_wmb_thalamus/C57BL6J-638850_7600/consensus/BC_6/Cross_method_ARI/cluster_18/benchmark_consensus_weighted.txt
204.96	12.0035	abc_atlas_wmb_thalamus	C57BL6J-638850_7600	8899	6	Cross_method_ARI	18	kmode	../data/abc_atlas_wmb_thalamus/C57BL6J-638850_7600/consensus/BC_6/Cross_method_ARI/cluster_18/benchmark_consensus_kmode.txt
872.48	84.2561	abc_atlas_wmb_thalamus	C57BL6J-638850_7600	8899	8	Cross_method_ARI	18	lca	../data/abc_atlas_wmb_thalamus/C57BL6J-638850_7600/consensus/BC_8/Cross_method_ARI/cluster_18/benchmark_consensus_lca.txt
7508.61	579.5231	abc_atlas_wmb_thalamus	C57BL6J-638850_7600	8899	8	Cross_method_ARI	18	weighted	../data/abc_atlas_wmb_thalamus/C57BL6J-638850_7600/consensus/BC_8/Cross_method_ARI/cluster_18/benchmark_consensus_weighted.txt
211.32	15.5318	abc_atlas_wmb_thalamus	C57BL6J-638850_7600	8899	8	Cross_method_ARI	18	kmode	../data/abc_atlas_wmb_thalamus/C57BL6J-638850_7600/consensus/BC_8/Cross_method_ARI/cluster_18/benchmark_consensus_kmode.txt
1331.73	194.0661	abc_atlas_wmb_thalamus	C57BL6J-638850_7600	8899	10	Cross_method_ARI	18	lca	../data/abc_atlas_wmb_thalamus/C57BL6J-638850_7600/consensus/BC_10/Cross_method_ARI/cluster_18/benchmark_consensus_lca.txt
8502.15	1840.1047	abc_atlas_wmb_thalamus	C57BL6J-638850_7600	8899	10	Cross_method_ARI	18	weighted	../data/abc_atlas_wmb_thalamus/C57BL6J-638850_7600/consensus/BC_10/Cross_method_ARI/cluster_18/benchmark_consensus_weighted.txt
207.82	16.8507	abc_atlas_wmb_thalamus	C57BL6J-638850_7600	8899	10	Cross_method_ARI	18	kmode	../data/abc_atlas_wmb_thalamus/C57BL6J-638850_7600/consensus/BC_10/Cross_method_ARI/cluster_18/benchmark_consensus_kmode.txt
1532.56	160.818	abc_atlas_wmb_thalamus	C57BL6J-638850_7600	8899	12	Cross_method_ARI	18	lca	../data/abc_atlas_wmb_thalamus/C57BL6J-638850_7600/consensus/BC_12/Cross_method_ARI/cluster_18/benchmark_consensus_lca.txt
8491.36	965.725	abc_atlas_wmb_thalamus	C57BL6J-638850_7600	8899	12	Cross_method_ARI	18	weighted	../data/abc_atlas_wmb_thalamus/C57BL6J-638850_7600/consensus/BC_12/Cross_method_ARI/cluster_18/benchmark_consensus_weighted.txt
218.66	22.2724	abc_atlas_wmb_thalamus	C57BL6J-638850_7600	8899	12	Cross_method_ARI	18	kmode	../data/abc_atlas_wmb_thalamus/C57BL6J-638850_7600/consensus/BC_12/Cross_method_ARI/cluster_18/benchmark_consensus_kmode.txt
565.62	77.1339	abc_atlas_wmb_thalamus	C57BL6J-638850_7600	8899	4	Cross_method_ARI	18	lca	../data/abc_atlas_wmb_thalamus/C57BL6J-638850_7600/consensus/BC_4/Cross_method_ARI/cluster_18/benchmark_consensus_lca.txt
8223.25	409.3281	abc_atlas_wmb_thalamus	C57BL6J-638850_7600	8899	4	Cross_method_ARI	18	weighted	../data/abc_atlas_wmb_thalamus/C57BL6J-638850_7600/consensus/BC_4/Cross_method_ARI/cluster_18/benchmark_consensus_weighted.txt
193.62	9.9486	abc_atlas_wmb_thalamus	C57BL6J-638850_7600	8899	4	Cross_method_ARI	18	kmode	../data/abc_atlas_wmb_thalamus/C57BL6J-638850_7600/consensus/BC_4/Cross_method_ARI/cluster_18/benchmark_consensus_kmode.txt
458.55	44.4702	abc_atlas_wmb_thalamus	C57BL6J-638850_8000	5681	6	Cross_method_ARI	16	lca	../data/abc_atlas_wmb_thalamus/C57BL6J-638850_8000/consensus/BC_6/Cross_method_ARI/cluster_16/benchmark_consensus_lca.txt
3979.8	243.88	abc_atlas_wmb_thalamus	C57BL6J-638850_8000	5681	6	Cross_method_ARI	16	weighted	../data/abc_atlas_wmb_thalamus/C57BL6J-638850_8000/consensus/BC_6/Cross_method_ARI/cluster_16/benchmark_consensus_weighted.txt
187.58	7.9583	abc_atlas_wmb_thalamus	C57BL6J-638850_8000	5681	6	Cross_method_ARI	16	kmode	../data/abc_atlas_wmb_thalamus/C57BL6J-638850_8000/consensus/BC_6/Cross_method_ARI/cluster_16/benchmark_consensus_kmode.txt
573.31	54.2482	abc_atlas_wmb_thalamus	C57BL6J-638850_8000	5681	8	Cross_method_ARI	16	lca	../data/abc_atlas_wmb_thalamus/C57BL6J-638850_8000/consensus/BC_8/Cross_method_ARI/cluster_16/benchmark_consensus_lca.txt
3614.59	284.5015	abc_atlas_wmb_thalamus	C57BL6J-638850_8000	5681	8	Cross_method_ARI	16	weighted	../data/abc_atlas_wmb_thalamus/C57BL6J-638850_8000/consensus/BC_8/Cross_method_ARI/cluster_16/benchmark_consensus_weighted.txt
190.86	15.2826	abc_atlas_wmb_thalamus	C57BL6J-638850_8000	5681	8	Cross_method_ARI	16	kmode	../data/abc_atlas_wmb_thalamus/C57BL6J-638850_8000/consensus/BC_8/Cross_method_ARI/cluster_16/benchmark_consensus_kmode.txt
616.88	56.0716	abc_atlas_wmb_thalamus	C57BL6J-638850_8000	5681	10	Cross_method_ARI	16	lca	../data/abc_atlas_wmb_thalamus/C57BL6J-638850_8000/consensus/BC_10/Cross_method_ARI/cluster_16/benchmark_consensus_lca.txt
4385.68	356.23	abc_atlas_wmb_thalamus	C57BL6J-638850_8000	5681	10	Cross_method_ARI	16	weighted	../data/abc_atlas_wmb_thalamus/C57BL6J-638850_8000/consensus/BC_10/Cross_method_ARI/cluster_16/benchmark_consensus_weighted.txt
190.28	12.0591	abc_atlas_wmb_thalamus	C57BL6J-638850_8000	5681	10	Cross_method_ARI	16	kmode	../data/abc_atlas_wmb_thalamus/C57BL6J-638850_8000/consensus/BC_10/Cross_method_ARI/cluster_16/benchmark_consensus_kmode.txt
1032.3	79.1617	abc_atlas_wmb_thalamus	C57BL6J-638850_8000	5681	12	Cross_method_ARI	16	lca	../data/abc_atlas_wmb_thalamus/C57BL6J-638850_8000/consensus/BC_12/Cross_method_ARI/cluster_16/benchmark_consensus_lca.txt
4518.93	368.3763	abc_atlas_wmb_thalamus	C57BL6J-638850_8000	5681	12	Cross_method_ARI	16	weighted	../data/abc_atlas_wmb_thalamus/C57BL6J-638850_8000/consensus/BC_12/Cross_method_ARI/cluster_16/benchmark_consensus_weighted.txt
203.86	13.5467	abc_atlas_wmb_thalamus	C57BL6J-638850_8000	5681	12	Cross_method_ARI	16	kmode	../data/abc_atlas_wmb_thalamus/C57BL6J-638850_8000/consensus/BC_12/Cross_method_ARI/cluster_16/benchmark_consensus_kmode.txt
377.94	26.8671	abc_atlas_wmb_thalamus	C57BL6J-638850_8000	5681	4	Cross_method_ARI	16	lca	../data/abc_atlas_wmb_thalamus/C57BL6J-638850_8000/consensus/BC_4/Cross_method_ARI/cluster_16/benchmark_consensus_lca.txt
3808.8	242.4491	abc_atlas_wmb_thalamus	C57BL6J-638850_8000	5681	4	Cross_method_ARI	16	weighted	../data/abc_atlas_wmb_thalamus/C57BL6J-638850_8000/consensus/BC_4/Cross_method_ARI/cluster_16/benchmark_consensus_weighted.txt
181.71	6.3533	abc_atlas_wmb_thalamus	C57BL6J-638850_8000	5681	4	Cross_method_ARI	16	kmode	../data/abc_atlas_wmb_thalamus/C57BL6J-638850_8000/consensus/BC_4/Cross_method_ARI/cluster_16/benchmark_consensus_kmode.txt
579.35	74.6321	abc_atlas_wmb_thalamus	C57BL6J-638850_6400	7706	6	Cross_method_ARI	17	lca	../data/abc_atlas_wmb_thalamus/C57BL6J-638850_6400/consensus/BC_6/Cross_method_ARI/cluster_17/benchmark_consensus_lca.txt
6298.48	524.2146	abc_atlas_wmb_thalamus	C57BL6J-638850_6400	7706	6	Cross_method_ARI	17	weighted	../data/abc_atlas_wmb_thalamus/C57BL6J-638850_6400/consensus/BC_6/Cross_method_ARI/cluster_17/benchmark_consensus_weighted.txt
186.05	10.998	abc_atlas_wmb_thalamus	C57BL6J-638850_6400	7706	6	Cross_method_ARI	17	kmode	../data/abc_atlas_wmb_thalamus/C57BL6J-638850_6400/consensus/BC_6/Cross_method_ARI/cluster_17/benchmark_consensus_kmode.txt
597.53	68.7297	abc_atlas_wmb_thalamus	C57BL6J-638850_6400	7706	8	Cross_method_ARI	17	lca	../data/abc_atlas_wmb_thalamus/C57BL6J-638850_6400/consensus/BC_8/Cross_method_ARI/cluster_17/benchmark_consensus_lca.txt
6449.56	592.4853	abc_atlas_wmb_thalamus	C57BL6J-638850_6400	7706	8	Cross_method_ARI	17	weighted	../data/abc_atlas_wmb_thalamus/C57BL6J-638850_6400/consensus/BC_8/Cross_method_ARI/cluster_17/benchmark_consensus_weighted.txt
199.8	13.1741	abc_atlas_wmb_thalamus	C57BL6J-638850_6400	7706	8	Cross_method_ARI	17	kmode	../data/abc_atlas_wmb_thalamus/C57BL6J-638850_6400/consensus/BC_8/Cross_method_ARI/cluster_17/benchmark_consensus_kmode.txt
987.34	159.998	abc_atlas_wmb_thalamus	C57BL6J-638850_6400	7706	10	Cross_method_ARI	17	lca	../data/abc_atlas_wmb_thalamus/C57BL6J-638850_6400/consensus/BC_10/Cross_method_ARI/cluster_17/benchmark_consensus_lca.txt
7487.62	719.549	abc_atlas_wmb_thalamus	C57BL6J-638850_6400	7706	10	Cross_method_ARI	17	weighted	../data/abc_atlas_wmb_thalamus/C57BL6J-638850_6400/consensus/BC_10/Cross_method_ARI/cluster_17/benchmark_consensus_weighted.txt
194.31	15.6799	abc_atlas_wmb_thalamus	C57BL6J-638850_6400	7706	10	Cross_method_ARI	17	kmode	../data/abc_atlas_wmb_thalamus/C57BL6J-638850_6400/consensus/BC_10/Cross_method_ARI/cluster_17/benchmark_consensus_kmode.txt
1189.56	131.2868	abc_atlas_wmb_thalamus	C57BL6J-638850_6400	7706	12	Cross_method_ARI	17	lca	../data/abc_atlas_wmb_thalamus/C57BL6J-638850_6400/consensus/BC_12/Cross_method_ARI/cluster_17/benchmark_consensus_lca.txt
7817.33	1127.2447	abc_atlas_wmb_thalamus	C57BL6J-638850_6400	7706	12	Cross_method_ARI	17	weighted	../data/abc_atlas_wmb_thalamus/C57BL6J-638850_6400/consensus/BC_12/Cross_method_ARI/cluster_17/benchmark_consensus_weighted.txt
202.49	19.2847	abc_atlas_wmb_thalamus	C57BL6J-638850_6400	7706	12	Cross_method_ARI	17	kmode	../data/abc_atlas_wmb_thalamus/C57BL6J-638850_6400/consensus/BC_12/Cross_method_ARI/cluster_17/benchmark_consensus_kmode.txt
487.11	58.2121	abc_atlas_wmb_thalamus	C57BL6J-638850_6400	7706	4	Cross_method_ARI	17	lca	../data/abc_atlas_wmb_thalamus/C57BL6J-638850_6400/consensus/BC_4/Cross_method_ARI/cluster_17/benchmark_consensus_lca.txt
5386.16	334.4386	abc_atlas_wmb_thalamus	C57BL6J-638850_6400	7706	4	Cross_method_ARI	17	weighted	../data/abc_atlas_wmb_thalamus/C57BL6J-638850_6400/consensus/BC_4/Cross_method_ARI/cluster_17/benchmark_consensus_weighted.txt
194.85	9.0865	abc_atlas_wmb_thalamus	C57BL6J-638850_6400	7706	4	Cross_method_ARI	17	kmode	../data/abc_atlas_wmb_thalamus/C57BL6J-638850_6400/consensus/BC_4/Cross_method_ARI/cluster_17/benchmark_consensus_kmode.txt
1427.4	83.2724	cosmx_lung	Lung5_Rep2	100335	6	Cross_method_ARI	8	lca	../data/cosmx_lung/Lung5_Rep2/consensus/BC_6/Cross_method_ARI/cluster_8/benchmark_consensus_lca.txt
314.96	62.941	cosmx_lung	Lung5_Rep2	100335	6	Cross_method_ARI	8	kmode	../data/cosmx_lung/Lung5_Rep2/consensus/BC_6/Cross_method_ARI/cluster_8/benchmark_consensus_kmode.txt
1559.48	287.6696	cosmx_lung	Lung5_Rep2	100335	8	Cross_method_ARI	8	lca	../data/cosmx_lung/Lung5_Rep2/consensus/BC_8/Cross_method_ARI/cluster_8/benchmark_consensus_lca.txt
354.27	80.5494	cosmx_lung	Lung5_Rep2	100335	8	Cross_method_ARI	8	kmode	../data/cosmx_lung/Lung5_Rep2/consensus/BC_8/Cross_method_ARI/cluster_8/benchmark_consensus_kmode.txt
2149.96	214.6943	cosmx_lung	Lung5_Rep2	100335	10	Cross_method_ARI	8	lca	../data/cosmx_lung/Lung5_Rep2/consensus/BC_10/Cross_method_ARI/cluster_8/benchmark_consensus_lca.txt
344.39	93.9336	cosmx_lung	Lung5_Rep2	100335	10	Cross_method_ARI	8	kmode	../data/cosmx_lung/Lung5_Rep2/consensus/BC_10/Cross_method_ARI/cluster_8/benchmark_consensus_kmode.txt
2211.02	226.852	cosmx_lung	Lung5_Rep2	100335	12	Cross_method_ARI	8	lca	../data/cosmx_lung/Lung5_Rep2/consensus/BC_12/Cross_method_ARI/cluster_8/benchmark_consensus_lca.txt
339.57	109.8035	cosmx_lung	Lung5_Rep2	100335	12	Cross_method_ARI	8	kmode	../data/cosmx_lung/Lung5_Rep2/consensus/BC_12/Cross_method_ARI/cluster_8/benchmark_consensus_kmode.txt
723.88	173.1423	cosmx_lung	Lung5_Rep2	100335	4	Cross_method_ARI	8	lca	../data/cosmx_lung/Lung5_Rep2/consensus/BC_4/Cross_method_ARI/cluster_8/benchmark_consensus_lca.txt
359.55	48.0558	cosmx_lung	Lung5_Rep2	100335	4	Cross_method_ARI	8	kmode	../data/cosmx_lung/Lung5_Rep2/consensus/BC_4/Cross_method_ARI/cluster_8/benchmark_consensus_kmode.txt
1442.87	155.777	cosmx_lung	Lung5_Rep3	97809	6	Cross_method_ARI	9	lca	../data/cosmx_lung/Lung5_Rep3/consensus/BC_6/Cross_method_ARI/cluster_9/benchmark_consensus_lca.txt
302.98	61.4517	cosmx_lung	Lung5_Rep3	97809	6	Cross_method_ARI	9	kmode	../data/cosmx_lung/Lung5_Rep3/consensus/BC_6/Cross_method_ARI/cluster_9/benchmark_consensus_kmode.txt
1989.32	167.8918	cosmx_lung	Lung5_Rep3	97809	8	Cross_method_ARI	9	lca	../data/cosmx_lung/Lung5_Rep3/consensus/BC_8/Cross_method_ARI/cluster_9/benchmark_consensus_lca.txt
324.68	74.1136	cosmx_lung	Lung5_Rep3	97809	8	Cross_method_ARI	9	kmode	../data/cosmx_lung/Lung5_Rep3/consensus/BC_8/Cross_method_ARI/cluster_9/benchmark_consensus_kmode.txt
2180.11	153.2278	cosmx_lung	Lung5_Rep3	97809	10	Cross_method_ARI	9	lca	../data/cosmx_lung/Lung5_Rep3/consensus/BC_10/Cross_method_ARI/cluster_9/benchmark_consensus_lca.txt
307.94	88.8097	cosmx_lung	Lung5_Rep3	97809	10	Cross_method_ARI	9	kmode	../data/cosmx_lung/Lung5_Rep3/consensus/BC_10/Cross_method_ARI/cluster_9/benchmark_consensus_kmode.txt
3790.05	309.976	cosmx_lung	Lung5_Rep3	97809	12	Cross_method_ARI	9	lca	../data/cosmx_lung/Lung5_Rep3/consensus/BC_12/Cross_method_ARI/cluster_9/benchmark_consensus_lca.txt
345.36	101.9645	cosmx_lung	Lung5_Rep3	97809	12	Cross_method_ARI	9	kmode	../data/cosmx_lung/Lung5_Rep3/consensus/BC_12/Cross_method_ARI/cluster_9/benchmark_consensus_kmode.txt
1080.16	200.7367	cosmx_lung	Lung5_Rep3	97809	4	Cross_method_ARI	9	lca	../data/cosmx_lung/Lung5_Rep3/consensus/BC_4/Cross_method_ARI/cluster_9/benchmark_consensus_lca.txt
357.57	50.0307	cosmx_lung	Lung5_Rep3	97809	4	Cross_method_ARI	9	kmode	../data/cosmx_lung/Lung5_Rep3/consensus/BC_4/Cross_method_ARI/cluster_9/benchmark_consensus_kmode.txt
1690.57	168.4603	cosmx_lung	Lung9_Rep2	139504	6	Cross_method_ARI	8	lca	../data/cosmx_lung/Lung9_Rep2/consensus/BC_6/Cross_method_ARI/cluster_8/benchmark_consensus_lca.txt
350.73	139.586	cosmx_lung	Lung9_Rep2	139504	6	Cross_method_ARI	8	kmode	../data/cosmx_lung/Lung9_Rep2/consensus/BC_6/Cross_method_ARI/cluster_8/benchmark_consensus_kmode.txt
2574.95	284.0811	cosmx_lung	Lung9_Rep2	139504	8	Cross_method_ARI	8	lca	../data/cosmx_lung/Lung9_Rep2/consensus/BC_8/Cross_method_ARI/cluster_8/benchmark_consensus_lca.txt
349.98	115.0952	cosmx_lung	Lung9_Rep2	139504	8	Cross_method_ARI	8	kmode	../data/cosmx_lung/Lung9_Rep2/consensus/BC_8/Cross_method_ARI/cluster_8/benchmark_consensus_kmode.txt
3087.84	329.1639	cosmx_lung	Lung9_Rep2	139504	10	Cross_method_ARI	8	lca	../data/cosmx_lung/Lung9_Rep2/consensus/BC_10/Cross_method_ARI/cluster_8/benchmark_consensus_lca.txt
508.61	133.7705	cosmx_lung	Lung9_Rep2	139504	10	Cross_method_ARI	8	kmode	../data/cosmx_lung/Lung9_Rep2/consensus/BC_10/Cross_method_ARI/cluster_8/benchmark_consensus_kmode.txt
3423.27	375.5613	cosmx_lung	Lung9_Rep2	139504	12	Cross_method_ARI	8	lca	../data/cosmx_lung/Lung9_Rep2/consensus/BC_12/Cross_method_ARI/cluster_8/benchmark_consensus_lca.txt
450.84	167.6142	cosmx_lung	Lung9_Rep2	139504	12	Cross_method_ARI	8	kmode	../data/cosmx_lung/Lung9_Rep2/consensus/BC_12/Cross_method_ARI/cluster_8/benchmark_consensus_kmode.txt
972.04	181.4878	cosmx_lung	Lung9_Rep2	139504	4	Cross_method_ARI	8	lca	../data/cosmx_lung/Lung9_Rep2/consensus/BC_4/Cross_method_ARI/cluster_8/benchmark_consensus_lca.txt
353.02	69.0317	cosmx_lung	Lung9_Rep2	139504	4	Cross_method_ARI	8	kmode	../data/cosmx_lung/Lung9_Rep2/consensus/BC_4/Cross_method_ARI/cluster_8/benchmark_consensus_kmode.txt
1453.81	95.8487	cosmx_lung	Lung5_Rep1	98002	6	Cross_method_ARI	9	lca	../data/cosmx_lung/Lung5_Rep1/consensus/BC_6/Cross_method_ARI/cluster_9/benchmark_consensus_lca.txt
374.67	67.2201	cosmx_lung	Lung5_Rep1	98002	6	Cross_method_ARI	9	kmode	../data/cosmx_lung/Lung5_Rep1/consensus/BC_6/Cross_method_ARI/cluster_9/benchmark_consensus_kmode.txt
2121.71	272.5758	cosmx_lung	Lung5_Rep1	98002	8	Cross_method_ARI	9	lca	../data/cosmx_lung/Lung5_Rep1/consensus/BC_8/Cross_method_ARI/cluster_9/benchmark_consensus_lca.txt
326.58	85.4888	cosmx_lung	Lung5_Rep1	98002	8	Cross_method_ARI	9	kmode	../data/cosmx_lung/Lung5_Rep1/consensus/BC_8/Cross_method_ARI/cluster_9/benchmark_consensus_kmode.txt
2835.78	169.8319	cosmx_lung	Lung5_Rep1	98002	10	Cross_method_ARI	9	lca	../data/cosmx_lung/Lung5_Rep1/consensus/BC_10/Cross_method_ARI/cluster_9/benchmark_consensus_lca.txt
316.09	104.8595	cosmx_lung	Lung5_Rep1	98002	10	Cross_method_ARI	9	kmode	../data/cosmx_lung/Lung5_Rep1/consensus/BC_10/Cross_method_ARI/cluster_9/benchmark_consensus_kmode.txt
2982.08	177.5107	cosmx_lung	Lung5_Rep1	98002	12	Cross_method_ARI	9	lca	../data/cosmx_lung/Lung5_Rep1/consensus/BC_12/Cross_method_ARI/cluster_9/benchmark_consensus_lca.txt
358.85	106.3798	cosmx_lung	Lung5_Rep1	98002	12	Cross_method_ARI	9	kmode	../data/cosmx_lung/Lung5_Rep1/consensus/BC_12/Cross_method_ARI/cluster_9/benchmark_consensus_kmode.txt
1316.73	88.3147	cosmx_lung	Lung5_Rep1	98002	4	Cross_method_ARI	9	lca	../data/cosmx_lung/Lung5_Rep1/consensus/BC_4/Cross_method_ARI/cluster_9/benchmark_consensus_lca.txt
352.29	56.0437	cosmx_lung	Lung5_Rep1	98002	4	Cross_method_ARI	9	kmode	../data/cosmx_lung/Lung5_Rep1/consensus/BC_4/Cross_method_ARI/cluster_9/benchmark_consensus_kmode.txt
900.6	58.951	cosmx_lung	Lung6	89975	6	Cross_method_ARI	7	lca	../data/cosmx_lung/Lung6/consensus/BC_6/Cross_method_ARI/cluster_7/benchmark_consensus_lca.txt
346.07	57.1748	cosmx_lung	Lung6	89975	6	Cross_method_ARI	7	kmode	../data/cosmx_lung/Lung6/consensus/BC_6/Cross_method_ARI/cluster_7/benchmark_consensus_kmode.txt
1164.53	62.2146	cosmx_lung	Lung6	89975	8	Cross_method_ARI	7	lca	../data/cosmx_lung/Lung6/consensus/BC_8/Cross_method_ARI/cluster_7/benchmark_consensus_lca.txt
298.06	70.522	cosmx_lung	Lung6	89975	8	Cross_method_ARI	7	kmode	../data/cosmx_lung/Lung6/consensus/BC_8/Cross_method_ARI/cluster_7/benchmark_consensus_kmode.txt
1621.39	112.6278	cosmx_lung	Lung6	89975	10	Cross_method_ARI	7	lca	../data/cosmx_lung/Lung6/consensus/BC_10/Cross_method_ARI/cluster_7/benchmark_consensus_lca.txt
343.36	78.5967	cosmx_lung	Lung6	89975	10	Cross_method_ARI	7	kmode	../data/cosmx_lung/Lung6/consensus/BC_10/Cross_method_ARI/cluster_7/benchmark_consensus_kmode.txt
1844.34	141.7932	cosmx_lung	Lung6	89975	12	Cross_method_ARI	7	lca	../data/cosmx_lung/Lung6/consensus/BC_12/Cross_method_ARI/cluster_7/benchmark_consensus_lca.txt
434.09	94.5644	cosmx_lung	Lung6	89975	12	Cross_method_ARI	7	kmode	../data/cosmx_lung/Lung6/consensus/BC_12/Cross_method_ARI/cluster_7/benchmark_consensus_kmode.txt
733.66	334.7269	cosmx_lung	Lung6	89975	4	Cross_method_ARI	7	lca	../data/cosmx_lung/Lung6/consensus/BC_4/Cross_method_ARI/cluster_7/benchmark_consensus_lca.txt
286.5	43.4646	cosmx_lung	Lung6	89975	4	Cross_method_ARI	7	kmode	../data/cosmx_lung/Lung6/consensus/BC_4/Cross_method_ARI/cluster_7/benchmark_consensus_kmode.txt
1224.94	100.064	cosmx_lung	Lung9_Rep1	87606	6	Cross_method_ARI	9	lca	../data/cosmx_lung/Lung9_Rep1/consensus/BC_6/Cross_method_ARI/cluster_9/benchmark_consensus_lca.txt
355.93	61.6218	cosmx_lung	Lung9_Rep1	87606	6	Cross_method_ARI	9	kmode	../data/cosmx_lung/Lung9_Rep1/consensus/BC_6/Cross_method_ARI/cluster_9/benchmark_consensus_kmode.txt
1494.39	130.4258	cosmx_lung	Lung9_Rep1	87606	8	Cross_method_ARI	9	lca	../data/cosmx_lung/Lung9_Rep1/consensus/BC_8/Cross_method_ARI/cluster_9/benchmark_consensus_lca.txt
343.39	77.3405	cosmx_lung	Lung9_Rep1	87606	8	Cross_method_ARI	9	kmode	../data/cosmx_lung/Lung9_Rep1/consensus/BC_8/Cross_method_ARI/cluster_9/benchmark_consensus_kmode.txt
2471.92	229.5706	cosmx_lung	Lung9_Rep1	87606	10	Cross_method_ARI	9	lca	../data/cosmx_lung/Lung9_Rep1/consensus/BC_10/Cross_method_ARI/cluster_9/benchmark_consensus_lca.txt
448.94	94.9071	cosmx_lung	Lung9_Rep1	87606	10	Cross_method_ARI	9	kmode	../data/cosmx_lung/Lung9_Rep1/consensus/BC_10/Cross_method_ARI/cluster_9/benchmark_consensus_kmode.txt
3120.87	210.6888	cosmx_lung	Lung9_Rep1	87606	12	Cross_method_ARI	9	lca	../data/cosmx_lung/Lung9_Rep1/consensus/BC_12/Cross_method_ARI/cluster_9/benchmark_consensus_lca.txt
401.08	110.5995	cosmx_lung	Lung9_Rep1	87606	12	Cross_method_ARI	9	kmode	../data/cosmx_lung/Lung9_Rep1/consensus/BC_12/Cross_method_ARI/cluster_9/benchmark_consensus_kmode.txt
971.19	162.6794	cosmx_lung	Lung9_Rep1	87606	4	Cross_method_ARI	9	lca	../data/cosmx_lung/Lung9_Rep1/consensus/BC_4/Cross_method_ARI/cluster_9/benchmark_consensus_lca.txt
277.3	48.875	cosmx_lung	Lung9_Rep1	87606	4	Cross_method_ARI	9	kmode	../data/cosmx_lung/Lung9_Rep1/consensus/BC_4/Cross_method_ARI/cluster_9/benchmark_consensus_kmode.txt
937.93	141.1115	cosmx_lung	Lung12	71304	6	Cross_method_ARI	8	lca	../data/cosmx_lung/Lung12/consensus/BC_6/Cross_method_ARI/cluster_8/benchmark_consensus_lca.txt
256.51	50.7557	cosmx_lung	Lung12	71304	6	Cross_method_ARI	8	kmode	../data/cosmx_lung/Lung12/consensus/BC_6/Cross_method_ARI/cluster_8/benchmark_consensus_kmode.txt
1142.47	116.2057	cosmx_lung	Lung12	71304	8	Cross_method_ARI	8	lca	../data/cosmx_lung/Lung12/consensus/BC_8/Cross_method_ARI/cluster_8/benchmark_consensus_lca.txt
297.05	87.9173	cosmx_lung	Lung12	71304	8	Cross_method_ARI	8	kmode	../data/cosmx_lung/Lung12/consensus/BC_8/Cross_method_ARI/cluster_8/benchmark_consensus_kmode.txt
1649.98	105.1281	cosmx_lung	Lung12	71304	10	Cross_method_ARI	8	lca	../data/cosmx_lung/Lung12/consensus/BC_10/Cross_method_ARI/cluster_8/benchmark_consensus_lca.txt
350.76	69.4333	cosmx_lung	Lung12	71304	10	Cross_method_ARI	8	kmode	../data/cosmx_lung/Lung12/consensus/BC_10/Cross_method_ARI/cluster_8/benchmark_consensus_kmode.txt
1476.21	163.4292	cosmx_lung	Lung12	71304	12	Cross_method_ARI	8	lca	../data/cosmx_lung/Lung12/consensus/BC_12/Cross_method_ARI/cluster_8/benchmark_consensus_lca.txt
431.52	79.7241	cosmx_lung	Lung12	71304	12	Cross_method_ARI	8	kmode	../data/cosmx_lung/Lung12/consensus/BC_12/Cross_method_ARI/cluster_8/benchmark_consensus_kmode.txt
814.07	250.2544	cosmx_lung	Lung12	71304	4	Cross_method_ARI	8	lca	../data/cosmx_lung/Lung12/consensus/BC_4/Cross_method_ARI/cluster_8/benchmark_consensus_lca.txt
245.2	36.1246	cosmx_lung	Lung12	71304	4	Cross_method_ARI	8	kmode	../data/cosmx_lung/Lung12/consensus/BC_4/Cross_method_ARI/cluster_8/benchmark_consensus_kmode.txt
859.93	127.423	cosmx_lung	Lung13	81236	6	Cross_method_ARI	7	lca	../data/cosmx_lung/Lung13/consensus/BC_6/Cross_method_ARI/cluster_7/benchmark_consensus_lca.txt
262.31	52.154	cosmx_lung	Lung13	81236	6	Cross_method_ARI	7	kmode	../data/cosmx_lung/Lung13/consensus/BC_6/Cross_method_ARI/cluster_7/benchmark_consensus_kmode.txt
1070.32	54.4388	cosmx_lung	Lung13	81236	8	Cross_method_ARI	7	lca	../data/cosmx_lung/Lung13/consensus/BC_8/Cross_method_ARI/cluster_7/benchmark_consensus_lca.txt
389.56	60.8099	cosmx_lung	Lung13	81236	8	Cross_method_ARI	7	kmode	../data/cosmx_lung/Lung13/consensus/BC_8/Cross_method_ARI/cluster_7/benchmark_consensus_kmode.txt
1153.42	77.861	cosmx_lung	Lung13	81236	10	Cross_method_ARI	7	lca	../data/cosmx_lung/Lung13/consensus/BC_10/Cross_method_ARI/cluster_7/benchmark_consensus_lca.txt
409.32	70.3014	cosmx_lung	Lung13	81236	10	Cross_method_ARI	7	kmode	../data/cosmx_lung/Lung13/consensus/BC_10/Cross_method_ARI/cluster_7/benchmark_consensus_kmode.txt
1856.15	243.4498	cosmx_lung	Lung13	81236	12	Cross_method_ARI	7	lca	../data/cosmx_lung/Lung13/consensus/BC_12/Cross_method_ARI/cluster_7/benchmark_consensus_lca.txt
376.36	84.7626	cosmx_lung	Lung13	81236	12	Cross_method_ARI	7	kmode	../data/cosmx_lung/Lung13/consensus/BC_12/Cross_method_ARI/cluster_7/benchmark_consensus_kmode.txt
606.37	135.9421	cosmx_lung	Lung13	81236	4	Cross_method_ARI	7	lca	../data/cosmx_lung/Lung13/consensus/BC_4/Cross_method_ARI/cluster_7/benchmark_consensus_lca.txt
292.36	39.4107	cosmx_lung	Lung13	81236	4	Cross_method_ARI	7	kmode	../data/cosmx_lung/Lung13/consensus/BC_4/Cross_method_ARI/cluster_7/benchmark_consensus_kmode.txt
263.21	15.9375	STARmap_plus	spinalcord	5849	6	Cross_method_ARI	7	lca	../data/STARmap_plus/spinalcord/consensus/BC_6/Cross_method_ARI/cluster_7/benchmark_consensus_lca.txt
5435.48	404.65	STARmap_plus	spinalcord	5849	6	Cross_method_ARI	7	weighted	../data/STARmap_plus/spinalcord/consensus/BC_6/Cross_method_ARI/cluster_7/benchmark_consensus_weighted.txt
168.6	4.8742	STARmap_plus	spinalcord	5849	6	Cross_method_ARI	7	kmode	../data/STARmap_plus/spinalcord/consensus/BC_6/Cross_method_ARI/cluster_7/benchmark_consensus_kmode.txt
310.54	6.8496	STARmap_plus	spinalcord	5849	8	Cross_method_ARI	7	lca	../data/STARmap_plus/spinalcord/consensus/BC_8/Cross_method_ARI/cluster_7/benchmark_consensus_lca.txt
6023.32	620.6142	STARmap_plus	spinalcord	5849	8	Cross_method_ARI	7	weighted	../data/STARmap_plus/spinalcord/consensus/BC_8/Cross_method_ARI/cluster_7/benchmark_consensus_weighted.txt
176.29	5.8744	STARmap_plus	spinalcord	5849	8	Cross_method_ARI	7	kmode	../data/STARmap_plus/spinalcord/consensus/BC_8/Cross_method_ARI/cluster_7/benchmark_consensus_kmode.txt
320.46	15.2397	STARmap_plus	spinalcord	5849	10	Cross_method_ARI	7	lca	../data/STARmap_plus/spinalcord/consensus/BC_10/Cross_method_ARI/cluster_7/benchmark_consensus_lca.txt
6868.39	500.0812	STARmap_plus	spinalcord	5849	10	Cross_method_ARI	7	weighted	../data/STARmap_plus/spinalcord/consensus/BC_10/Cross_method_ARI/cluster_7/benchmark_consensus_weighted.txt
175.8	6.7058	STARmap_plus	spinalcord	5849	10	Cross_method_ARI	7	kmode	../data/STARmap_plus/spinalcord/consensus/BC_10/Cross_method_ARI/cluster_7/benchmark_consensus_kmode.txt
293.27	14.4561	STARmap_plus	spinalcord	5849	12	Cross_method_ARI	7	lca	../data/STARmap_plus/spinalcord/consensus/BC_12/Cross_method_ARI/cluster_7/benchmark_consensus_lca.txt
6863.32	504.6198	STARmap_plus	spinalcord	5849	12	Cross_method_ARI	7	weighted	../data/STARmap_plus/spinalcord/consensus/BC_12/Cross_method_ARI/cluster_7/benchmark_consensus_weighted.txt
175.58	6.8625	STARmap_plus	spinalcord	5849	12	Cross_method_ARI	7	kmode	../data/STARmap_plus/spinalcord/consensus/BC_12/Cross_method_ARI/cluster_7/benchmark_consensus_kmode.txt
229.1	11.9241	STARmap_plus	spinalcord	5849	4	Cross_method_ARI	7	lca	../data/STARmap_plus/spinalcord/consensus/BC_4/Cross_method_ARI/cluster_7/benchmark_consensus_lca.txt
5536.58	312.5983	STARmap_plus	spinalcord	5849	4	Cross_method_ARI	7	weighted	../data/STARmap_plus/spinalcord/consensus/BC_4/Cross_method_ARI/cluster_7/benchmark_consensus_weighted.txt
168.02	4.4128	STARmap_plus	spinalcord	5849	4	Cross_method_ARI	7	kmode	../data/STARmap_plus/spinalcord/consensus/BC_4/Cross_method_ARI/cluster_7/benchmark_consensus_kmode.txt
241.72	20.0417	stereoseq_liver	FN4_D1_batch2	24125	6	Cross_method_ARI	9	kmode	../data/stereoseq_liver/FN4_D1_batch2/consensus/BC_6/Cross_method_ARI/cluster_9/benchmark_consensus_kmode.txt
247.3	34.9825	stereoseq_liver	FN4_D1_batch2	24125	8	Cross_method_ARI	9	kmode	../data/stereoseq_liver/FN4_D1_batch2/consensus/BC_8/Cross_method_ARI/cluster_9/benchmark_consensus_kmode.txt
268.81	27.4838	stereoseq_liver	FN4_D1_batch2	24125	10	Cross_method_ARI	9	kmode	../data/stereoseq_liver/FN4_D1_batch2/consensus/BC_10/Cross_method_ARI/cluster_9/benchmark_consensus_kmode.txt
278.87	48.8418	stereoseq_liver	FN4_D1_batch2	24125	12	Cross_method_ARI	9	kmode	../data/stereoseq_liver/FN4_D1_batch2/consensus/BC_12/Cross_method_ARI/cluster_9/benchmark_consensus_kmode.txt
375.45	59.881	stereoseq_liver	FN4_D1_batch2	24125	4	Cross_method_ARI	9	lca	../data/stereoseq_liver/FN4_D1_batch2/consensus/BC_4/Cross_method_ARI/cluster_9/benchmark_consensus_lca.txt
245.67	14.8277	stereoseq_liver	FN4_D1_batch2	24125	4	Cross_method_ARI	9	kmode	../data/stereoseq_liver/FN4_D1_batch2/consensus/BC_4/Cross_method_ARI/cluster_9/benchmark_consensus_kmode.txt
644.03	108.8434	stereoseq_liver	FH4_D3_batch2	29790	6	Cross_method_ARI	9	lca	../data/stereoseq_liver/FH4_D3_batch2/consensus/BC_6/Cross_method_ARI/cluster_9/benchmark_consensus_lca.txt
253.65	23.1098	stereoseq_liver	FH4_D3_batch2	29790	6	Cross_method_ARI	9	kmode	../data/stereoseq_liver/FH4_D3_batch2/consensus/BC_6/Cross_method_ARI/cluster_9/benchmark_consensus_kmode.txt
665.52	76.7399	stereoseq_liver	FH4_D3_batch2	29790	8	Cross_method_ARI	9	lca	../data/stereoseq_liver/FH4_D3_batch2/consensus/BC_8/Cross_method_ARI/cluster_9/benchmark_consensus_lca.txt
278.3	34.4109	stereoseq_liver	FH4_D3_batch2	29790	8	Cross_method_ARI	9	kmode	../data/stereoseq_liver/FH4_D3_batch2/consensus/BC_8/Cross_method_ARI/cluster_9/benchmark_consensus_kmode.txt
1179.57	108.5421	stereoseq_liver	FH4_D3_batch2	29790	10	Cross_method_ARI	9	lca	../data/stereoseq_liver/FH4_D3_batch2/consensus/BC_10/Cross_method_ARI/cluster_9/benchmark_consensus_lca.txt
289.18	50.8263	stereoseq_liver	FH4_D3_batch2	29790	10	Cross_method_ARI	9	kmode	../data/stereoseq_liver/FH4_D3_batch2/consensus/BC_10/Cross_method_ARI/cluster_9/benchmark_consensus_kmode.txt
1018.09	135.1162	stereoseq_liver	FH4_D3_batch2	29790	12	Cross_method_ARI	9	lca	../data/stereoseq_liver/FH4_D3_batch2/consensus/BC_12/Cross_method_ARI/cluster_9/benchmark_consensus_lca.txt
255.75	39.0681	stereoseq_liver	FH4_D3_batch2	29790	12	Cross_method_ARI	9	kmode	../data/stereoseq_liver/FH4_D3_batch2/consensus/BC_12/Cross_method_ARI/cluster_9/benchmark_consensus_kmode.txt
463.43	52.9251	stereoseq_liver	FH4_D3_batch2	29790	4	Cross_method_ARI	9	lca	../data/stereoseq_liver/FH4_D3_batch2/consensus/BC_4/Cross_method_ARI/cluster_9/benchmark_consensus_lca.txt
241.26	28.1807	stereoseq_liver	FH4_D3_batch2	29790	4	Cross_method_ARI	9	kmode	../data/stereoseq_liver/FH4_D3_batch2/consensus/BC_4/Cross_method_ARI/cluster_9/benchmark_consensus_kmode.txt
739.88	67.8649	stereoseq_liver	DY1_D0	37669	6	Cross_method_ARI	9	lca	../data/stereoseq_liver/DY1_D0/consensus/BC_6/Cross_method_ARI/cluster_9/benchmark_consensus_lca.txt
242.98	28.7522	stereoseq_liver	DY1_D0	37669	6	Cross_method_ARI	9	kmode	../data/stereoseq_liver/DY1_D0/consensus/BC_6/Cross_method_ARI/cluster_9/benchmark_consensus_kmode.txt
1051.79	73.4137	stereoseq_liver	DY1_D0	37669	8	Cross_method_ARI	9	lca	../data/stereoseq_liver/DY1_D0/consensus/BC_8/Cross_method_ARI/cluster_9/benchmark_consensus_lca.txt
287.35	35.5507	stereoseq_liver	DY1_D0	37669	8	Cross_method_ARI	9	kmode	../data/stereoseq_liver/DY1_D0/consensus/BC_8/Cross_method_ARI/cluster_9/benchmark_consensus_kmode.txt
778.41	66.516	stereoseq_liver	DY1_D0	37669	10	Cross_method_ARI	9	lca	../data/stereoseq_liver/DY1_D0/consensus/BC_10/Cross_method_ARI/cluster_9/benchmark_consensus_lca.txt
293.25	40.9513	stereoseq_liver	DY1_D0	37669	10	Cross_method_ARI	9	kmode	../data/stereoseq_liver/DY1_D0/consensus/BC_10/Cross_method_ARI/cluster_9/benchmark_consensus_kmode.txt
1631.91	110.2686	stereoseq_liver	DY1_D0	37669	12	Cross_method_ARI	9	lca	../data/stereoseq_liver/DY1_D0/consensus/BC_12/Cross_method_ARI/cluster_9/benchmark_consensus_lca.txt
255.65	48.9974	stereoseq_liver	DY1_D0	37669	12	Cross_method_ARI	9	kmode	../data/stereoseq_liver/DY1_D0/consensus/BC_12/Cross_method_ARI/cluster_9/benchmark_consensus_kmode.txt
504.48	92.988	stereoseq_liver	DY1_D0	37669	4	Cross_method_ARI	9	lca	../data/stereoseq_liver/DY1_D0/consensus/BC_4/Cross_method_ARI/cluster_9/benchmark_consensus_lca.txt
257.03	20.4904	stereoseq_liver	DY1_D0	37669	4	Cross_method_ARI	9	kmode	../data/stereoseq_liver/DY1_D0/consensus/BC_4/Cross_method_ARI/cluster_9/benchmark_consensus_kmode.txt
473.12	73.1873	stereoseq_liver	DX1_8H	31485	6	Cross_method_ARI	9	lca	../data/stereoseq_liver/DX1_8H/consensus/BC_6/Cross_method_ARI/cluster_9/benchmark_consensus_lca.txt
255.45	24.6393	stereoseq_liver	DX1_8H	31485	6	Cross_method_ARI	9	kmode	../data/stereoseq_liver/DX1_8H/consensus/BC_6/Cross_method_ARI/cluster_9/benchmark_consensus_kmode.txt
628.29	79.0107	stereoseq_liver	DX1_8H	31485	8	Cross_method_ARI	9	lca	../data/stereoseq_liver/DX1_8H/consensus/BC_8/Cross_method_ARI/cluster_9/benchmark_consensus_lca.txt
263.75	29.1136	stereoseq_liver	DX1_8H	31485	8	Cross_method_ARI	9	kmode	../data/stereoseq_liver/DX1_8H/consensus/BC_8/Cross_method_ARI/cluster_9/benchmark_consensus_kmode.txt
827.5	109.7936	stereoseq_liver	DX1_8H	31485	10	Cross_method_ARI	9	lca	../data/stereoseq_liver/DX1_8H/consensus/BC_10/Cross_method_ARI/cluster_9/benchmark_consensus_lca.txt
233.02	34.1821	stereoseq_liver	DX1_8H	31485	10	Cross_method_ARI	9	kmode	../data/stereoseq_liver/DX1_8H/consensus/BC_10/Cross_method_ARI/cluster_9/benchmark_consensus_kmode.txt
1127.13	76.6932	stereoseq_liver	DX1_8H	31485	12	Cross_method_ARI	9	lca	../data/stereoseq_liver/DX1_8H/consensus/BC_12/Cross_method_ARI/cluster_9/benchmark_consensus_lca.txt
255.9	38.973	stereoseq_liver	DX1_8H	31485	12	Cross_method_ARI	9	kmode	../data/stereoseq_liver/DX1_8H/consensus/BC_12/Cross_method_ARI/cluster_9/benchmark_consensus_kmode.txt
410.16	44.3904	stereoseq_liver	DX1_8H	31485	4	Cross_method_ARI	9	lca	../data/stereoseq_liver/DX1_8H/consensus/BC_4/Cross_method_ARI/cluster_9/benchmark_consensus_lca.txt
257.65	18.4268	stereoseq_liver	DX1_8H	31485	4	Cross_method_ARI	9	kmode	../data/stereoseq_liver/DX1_8H/consensus/BC_4/Cross_method_ARI/cluster_9/benchmark_consensus_kmode.txt
195.34	37.0031	stereoseq_liver	DX6_D2	14929	6	Cross_method_ARI	9	lca	../data/stereoseq_liver/DX6_D2/consensus/BC_6/Cross_method_ARI/cluster_9/benchmark_consensus_lca.txt
225.21	12.5319	stereoseq_liver	DX6_D2	14929	6	Cross_method_ARI	9	kmode	../data/stereoseq_liver/DX6_D2/consensus/BC_6/Cross_method_ARI/cluster_9/benchmark_consensus_kmode.txt
538.52	34.5661	stereoseq_liver	DX6_D2	14929	8	Cross_method_ARI	9	lca	../data/stereoseq_liver/DX6_D2/consensus/BC_8/Cross_method_ARI/cluster_9/benchmark_consensus_lca.txt
243.93	17.7311	stereoseq_liver	DX6_D2	14929	8	Cross_method_ARI	9	kmode	../data/stereoseq_liver/DX6_D2/consensus/BC_8/Cross_method_ARI/cluster_9/benchmark_consensus_kmode.txt
539.02	54.3206	stereoseq_liver	DX6_D2	14929	10	Cross_method_ARI	9	lca	../data/stereoseq_liver/DX6_D2/consensus/BC_10/Cross_method_ARI/cluster_9/benchmark_consensus_lca.txt
225.77	50.9894	stereoseq_liver	DX6_D2	14929	10	Cross_method_ARI	9	kmode	../data/stereoseq_liver/DX6_D2/consensus/BC_10/Cross_method_ARI/cluster_9/benchmark_consensus_kmode.txt
507.54	59.372	stereoseq_liver	DX6_D2	14929	12	Cross_method_ARI	9	lca	../data/stereoseq_liver/DX6_D2/consensus/BC_12/Cross_method_ARI/cluster_9/benchmark_consensus_lca.txt
243.64	19.2075	stereoseq_liver	DX6_D2	14929	12	Cross_method_ARI	9	kmode	../data/stereoseq_liver/DX6_D2/consensus/BC_12/Cross_method_ARI/cluster_9/benchmark_consensus_kmode.txt
364.14	25.443	stereoseq_liver	DX6_D2	14929	4	Cross_method_ARI	9	lca	../data/stereoseq_liver/DX6_D2/consensus/BC_4/Cross_method_ARI/cluster_9/benchmark_consensus_lca.txt
226.44	16.4565	stereoseq_liver	DX6_D2	14929	4	Cross_method_ARI	9	kmode	../data/stereoseq_liver/DX6_D2/consensus/BC_4/Cross_method_ARI/cluster_9/benchmark_consensus_kmode.txt
483.12	49.7428	stereoseq_liver	DX7_D7	27152	6	Cross_method_ARI	9	lca	../data/stereoseq_liver/DX7_D7/consensus/BC_6/Cross_method_ARI/cluster_9/benchmark_consensus_lca.txt
244.92	29.7568	stereoseq_liver	DX7_D7	27152	6	Cross_method_ARI	9	kmode	../data/stereoseq_liver/DX7_D7/consensus/BC_6/Cross_method_ARI/cluster_9/benchmark_consensus_kmode.txt
667.81	66.3177	stereoseq_liver	DX7_D7	27152	8	Cross_method_ARI	9	lca	../data/stereoseq_liver/DX7_D7/consensus/BC_8/Cross_method_ARI/cluster_9/benchmark_consensus_lca.txt
239.08	25.3232	stereoseq_liver	DX7_D7	27152	8	Cross_method_ARI	9	kmode	../data/stereoseq_liver/DX7_D7/consensus/BC_8/Cross_method_ARI/cluster_9/benchmark_consensus_kmode.txt
570.57	99.8109	stereoseq_liver	DX7_D7	27152	10	Cross_method_ARI	9	lca	../data/stereoseq_liver/DX7_D7/consensus/BC_10/Cross_method_ARI/cluster_9/benchmark_consensus_lca.txt
276.98	30.1322	stereoseq_liver	DX7_D7	27152	10	Cross_method_ARI	9	kmode	../data/stereoseq_liver/DX7_D7/consensus/BC_10/Cross_method_ARI/cluster_9/benchmark_consensus_kmode.txt
1229.79	134.582	stereoseq_liver	DX7_D7	27152	12	Cross_method_ARI	9	lca	../data/stereoseq_liver/DX7_D7/consensus/BC_12/Cross_method_ARI/cluster_9/benchmark_consensus_lca.txt
300.71	34.1908	stereoseq_liver	DX7_D7	27152	12	Cross_method_ARI	9	kmode	../data/stereoseq_liver/DX7_D7/consensus/BC_12/Cross_method_ARI/cluster_9/benchmark_consensus_kmode.txt
425.58	57.0408	stereoseq_liver	DX7_D7	27152	4	Cross_method_ARI	9	lca	../data/stereoseq_liver/DX7_D7/consensus/BC_4/Cross_method_ARI/cluster_9/benchmark_consensus_lca.txt
241.8	16.8315	stereoseq_liver	DX7_D7	27152	4	Cross_method_ARI	9	kmode	../data/stereoseq_liver/DX7_D7/consensus/BC_4/Cross_method_ARI/cluster_9/benchmark_consensus_kmode.txt
